image_name,image_path,has_label,label_path,laplacian_variance,is_blurry
20230816_152644.jpg,DataSet/images/20230816_152644.jpg,False,,2347.922290492168,False
20230816_152639.jpg,DataSet/images/20230816_152639.jpg,False,,459.566002569842,False
20230816_152701.jpg,DataSet/images/20230816_152701.jpg,False,,940.5214581399351,False
20230816_075334.jpg,DataSet/images/20230816_075334.jpg,False,,152.9614575948427,False
20230816_152722.jpg,DataSet/images/20230816_152722.jpg,False,,1750.824223713166,False
20240201_165219.jpg,DataSet/images/20240201_165219.jpg,False,,703.5036016519973,False
20230816_152651.jpg,DataSet/images/20230816_152651.jpg,False,,901.9784826978263,False
20230816_152706.jpg,DataSet/images/20230816_152706.jpg,False,,692.9022646098741,False
20240201_165232.jpg,DataSet/images/20240201_165232.jpg,False,,167.29414069848116,False
20240201_165227.jpg,DataSet/images/20240201_165227.jpg,False,,367.9270896648336,False
20230816_152712.jpg,DataSet/images/20230816_152712.jpg,False,,1949.747112248358,False
20240201_165149.jpg,DataSet/images/20240201_165149.jpg,False,,151.87230829921126,False
20230816_152629.jpg,DataSet/images/20230816_152629.jpg,False,,267.9256975758075,False
20240201_165141.jpg,DataSet/images/20240201_165141.jpg,False,,1181.484749830072,False
20230810_172209.jpg,DataSet/images/20230810_172209.jpg,False,,350.8436876635129,False
20230816_075233.jpg,DataSet/images/20230816_075233.jpg,False,,90.67197577921122,True
20230810_094137.jpg,DataSet/images/20230810_094137.jpg,False,,1172.1079025683866,False
20230816_075331.jpg,DataSet/images/20230816_075331.jpg,False,,109.85769553062505,False
20230811_184936.jpg,DataSet/images/20230811_184936.jpg,False,,175.5459244020459,False
20230816_075248.jpg,DataSet/images/20230816_075248.jpg,False,,134.88034349999967,False
20230816_075222.jpg,DataSet/images/20230816_075222.jpg,False,,959.0101134129359,False
20230816_152659.jpg,DataSet/images/20230816_152659.jpg,False,,1058.8331756923346,False
20230811_185030.jpg,DataSet/images/20230811_185030.jpg,False,,235.60350835394829,False
20230808_112332.jpg,DataSet/images/20230808_112332.jpg,False,,806.673240825204,False
20230810_172202.jpg,DataSet/images/20230810_172202.jpg,False,,598.76807499905,False
20230814_135113.jpg,DataSet/images/20230814_135113.jpg,False,,86.47454290922761,True
20230816_074929.jpg,DataSet/images/20230816_074929.jpg,False,,643.2413139510113,False
20230811_095808.jpg,DataSet/images/20230811_095808.jpg,False,,1102.542661795113,False
20230811_060105.jpg,DataSet/images/20230811_060105.jpg,False,,56.98968399655815,True
20230809_124942.jpg,DataSet/images/20230809_124942.jpg,False,,1149.4300339451656,False
20230809_124905.jpg,DataSet/images/20230809_124905.jpg,False,,114.35384224692925,False
20230808_113441.jpg,DataSet/images/20230808_113441.jpg,False,,1973.6388823912691,False
20230811_095753.jpg,DataSet/images/20230811_095753.jpg,False,,1582.75565873512,False
20230816_075208.jpg,DataSet/images/20230816_075208.jpg,False,,166.21033498599732,False
20230816_075310.jpg,DataSet/images/20230816_075310.jpg,False,,405.11448943727214,False
20230808_112322.jpg,DataSet/images/20230808_112322.jpg,False,,872.621077417536,False
20230808_113434.jpg,DataSet/images/20230808_113434.jpg,False,,716.6498567021695,False
20230816_075313.jpg,DataSet/images/20230816_075313.jpg,False,,105.11967649327588,False
20230808_112306.jpg,DataSet/images/20230808_112306.jpg,False,,2381.9591820816604,False
20230807_163130.jpg,DataSet/images/20230807_163130.jpg,False,,58.89173683083342,True
20230807_072455.jpg,DataSet/images/20230807_072455.jpg,False,,386.7520950329209,False
20230808_112143.jpg,DataSet/images/20230808_112143.jpg,False,,670.2648085667156,False
20230731_185546.jpg,DataSet/images/20230731_185546.jpg,False,,54.252577759526645,True
20230807_162906.jpg,DataSet/images/20230807_162906.jpg,False,,3208.913646591677,False
20230807_163043.jpg,DataSet/images/20230807_163043.jpg,False,,162.79473060745573,False
20230808_065747.jpg,DataSet/images/20230808_065747.jpg,False,,596.0881359139722,False
20230807_163107.jpg,DataSet/images/20230807_163107.jpg,False,,186.69337998837182,False
20230808_112131.jpg,DataSet/images/20230808_112131.jpg,False,,1377.2226560334918,False
20230807_162930.jpg,DataSet/images/20230807_162930.jpg,False,,2881.9160665649974,False
20230807_162940.jpg,DataSet/images/20230807_162940.jpg,False,,2889.747676992353,False
20230808_112144.jpg,DataSet/images/20230808_112144.jpg,False,,712.2677947417956,False
20230807_163008.jpg,DataSet/images/20230807_163008.jpg,False,,624.6096569959036,False
20230809_124850.jpg,DataSet/images/20230809_124850.jpg,False,,62.65899739220057,True
20230731_190030.jpg,DataSet/images/20230731_190030.jpg,False,,135.8879758933339,False
20230809_121206.jpg,DataSet/images/20230809_121206.jpg,False,,892.0445734802069,False
20230808_112301.jpg,DataSet/images/20230808_112301.jpg,False,,3247.1267008062227,False
20230807_163003.jpg,DataSet/images/20230807_163003.jpg,False,,1212.9747550027241,False
20230807_163118.jpg,DataSet/images/20230807_163118.jpg,False,,21.79214149394198,True
20230807_185728.jpg,DataSet/images/20230807_185728.jpg,False,,42.48466148879935,True
20230721_074323.jpg,DataSet/images/20230721_074323.jpg,False,,27.053959995272702,True
20230808_112136.jpg,DataSet/images/20230808_112136.jpg,False,,912.4921126236776,False
20230721_074326.jpg,DataSet/images/20230721_074326.jpg,False,,63.214588411494624,True
20230720_113501.jpg,DataSet/images/20230720_113501.jpg,False,,71.41986524974665,True
20230719_104650.jpg,DataSet/images/20230719_104650.jpg,False,,2549.6367916188115,False
20230721_074157.jpg,DataSet/images/20230721_074157.jpg,False,,1211.2329100103814,False
20230719_105031.jpg,DataSet/images/20230719_105031.jpg,False,,2005.5631379401334,False
20230721_074241.jpg,DataSet/images/20230721_074241.jpg,False,,234.44792249774542,False
20230719_105038.jpg,DataSet/images/20230719_105038.jpg,False,,1714.4091014346627,False
20230718_181224.jpg,DataSet/images/20230718_181224.jpg,False,,170.84743632812527,False
20230807_162925.jpg,DataSet/images/20230807_162925.jpg,False,,1493.8169456731957,False
20230721_074304.jpg,DataSet/images/20230721_074304.jpg,False,,63.98673589991791,True
20230719_105043.jpg,DataSet/images/20230719_105043.jpg,False,,857.4232493730202,False
20230807_162914.jpg,DataSet/images/20230807_162914.jpg,False,,2197.265708635751,False
20230714_172245.jpg,DataSet/images/20230714_172245.jpg,False,,533.6898971825303,False
20230714_071201.jpg,DataSet/images/20230714_071201.jpg,False,,155.02214029830162,False
20230714_172236.jpg,DataSet/images/20230714_172236.jpg,False,,3107.3643893484123,False
20230718_181210.jpg,DataSet/images/20230718_181210.jpg,False,,163.01209890221227,False
20230807_162950.jpg,DataSet/images/20230807_162950.jpg,False,,50.90230942565289,True
20230714_064325.jpg,DataSet/images/20230714_064325.jpg,False,,615.1599965655778,False
20230718_181148.jpg,DataSet/images/20230718_181148.jpg,False,,1407.5302970680195,False
20230802_170721.jpg,DataSet/images/20230802_170721.jpg,False,,836.7876422767287,False
20230721_074244.jpg,DataSet/images/20230721_074244.jpg,False,,89.4353687442114,True
20230719_190344.jpg,DataSet/images/20230719_190344.jpg,False,,59.18576265074862,True
20230714_064115.jpg,DataSet/images/20230714_064115.jpg,False,,428.15427607033445,False
20230714_172220.jpg,DataSet/images/20230714_172220.jpg,False,,429.1290454155723,False
20230711_162606.jpg,DataSet/images/20230711_162606.jpg,False,,759.827000811133,False
20230711_171202.jpg,DataSet/images/20230711_171202.jpg,False,,422.35066431979976,False
20230710_070958.jpg,DataSet/images/20230710_070958.jpg,False,,346.08729430660185,False
20230707_162510.jpg,DataSet/images/20230707_162510.jpg,False,,1661.5028459119626,False
20230711_162730.jpg,DataSet/images/20230711_162730.jpg,False,,1171.072026553235,False
20230711_171152.jpg,DataSet/images/20230711_171152.jpg,False,,2611.1477132106465,False
20230714_172228.jpg,DataSet/images/20230714_172228.jpg,False,,605.8325282491927,False
20230719_105039.jpg,DataSet/images/20230719_105039.jpg,False,,1563.6881413967126,False
20230719_105019.jpg,DataSet/images/20230719_105019.jpg,False,,5332.610865137624,False
20230707_162522.jpg,DataSet/images/20230707_162522.jpg,False,,1922.386287811502,False
20230714_064241.jpg,DataSet/images/20230714_064241.jpg,False,,44.42440624191498,True
20230711_162543.jpg,DataSet/images/20230711_162543.jpg,False,,573.6186897494734,False
20230711_171141.jpg,DataSet/images/20230711_171141.jpg,False,,648.6938279856811,False
20230714_071331.jpg,DataSet/images/20230714_071331.jpg,False,,532.8121251794072,False
20230711_171137.jpg,DataSet/images/20230711_171137.jpg,False,,1031.8318989251966,False
20230711_171155.jpg,DataSet/images/20230711_171155.jpg,False,,1018.7160973044903,False
20230711_162738.jpg,DataSet/images/20230711_162738.jpg,False,,1326.0011111641675,False
20230711_162617.jpg,DataSet/images/20230711_162617.jpg,False,,470.00314115838546,False
20230711_162600.jpg,DataSet/images/20230711_162600.jpg,False,,544.7937157498006,False
20230711_171132.jpg,DataSet/images/20230711_171132.jpg,False,,590.7005545550039,False
20230707_163140.jpg,DataSet/images/20230707_163140.jpg,False,,1812.0451660794583,False
20230707_162303.jpg,DataSet/images/20230707_162303.jpg,False,,2038.8950496337795,False
20230707_162506.jpg,DataSet/images/20230707_162506.jpg,False,,2070.890996828903,False
20230707_163143.jpg,DataSet/images/20230707_163143.jpg,False,,257.7629144164291,False
20230711_072523.jpg,DataSet/images/20230711_072523.jpg,False,,125.96910614659689,False
20230707_163156.jpg,DataSet/images/20230707_163156.jpg,False,,457.3228861297646,False
20230707_162432.jpg,DataSet/images/20230707_162432.jpg,False,,1569.3981451539703,False
20230707_162504.jpg,DataSet/images/20230707_162504.jpg,False,,1792.2068809429607,False
20230707_162309.jpg,DataSet/images/20230707_162309.jpg,False,,1638.6451228884719,False
20230707_162519.jpg,DataSet/images/20230707_162519.jpg,False,,2019.837750865622,False
20230707_163147.jpg,DataSet/images/20230707_163147.jpg,False,,311.2196633693744,False
20230711_171158.jpg,DataSet/images/20230711_171158.jpg,False,,946.9043842491157,False
20230711_171147.jpg,DataSet/images/20230711_171147.jpg,False,,1225.657539281655,False
20230707_163152.jpg,DataSet/images/20230707_163152.jpg,False,,453.99630703586234,False
20230707_162412.jpg,DataSet/images/20230707_162412.jpg,False,,1408.5309539404668,False
20230707_162441.jpg,DataSet/images/20230707_162441.jpg,False,,1711.3042398263062,False
20230707_162508.jpg,DataSet/images/20230707_162508.jpg,False,,1921.4593603308465,False
20230707_162455.jpg,DataSet/images/20230707_162455.jpg,False,,1533.4910960744483,False
20230707_162427.jpg,DataSet/images/20230707_162427.jpg,False,,1643.7412926993763,False
20230707_162453.jpg,DataSet/images/20230707_162453.jpg,False,,1397.3745686607656,False
20230707_162422.jpg,DataSet/images/20230707_162422.jpg,False,,1917.1954776224957,False
20230707_162207.jpg,DataSet/images/20230707_162207.jpg,False,,365.8666870743524,False
20230707_162313.jpg,DataSet/images/20230707_162313.jpg,False,,1332.6382979831094,False
20230707_162319.jpg,DataSet/images/20230707_162319.jpg,False,,1643.707177281565,False
20230707_162426.jpg,DataSet/images/20230707_162426.jpg,False,,1989.2860493979238,False
20230707_162306.jpg,DataSet/images/20230707_162306.jpg,False,,1952.9818340554204,False
20230707_162143.jpg,DataSet/images/20230707_162143.jpg,False,,332.69851608779913,False
20230707_162134.jpg,DataSet/images/20230707_162134.jpg,False,,293.61984187883246,False
20230707_162136.jpg,DataSet/images/20230707_162136.jpg,False,,309.1112560819209,False
20230707_162359.jpg,DataSet/images/20230707_162359.jpg,False,,1464.2495632084842,False
20230707_162148.jpg,DataSet/images/20230707_162148.jpg,False,,367.510792220559,False
20230707_162226.jpg,DataSet/images/20230707_162226.jpg,False,,336.59400773242874,False
20230707_162213.jpg,DataSet/images/20230707_162213.jpg,False,,426.2253795805856,False
20230707_162447.jpg,DataSet/images/20230707_162447.jpg,False,,1673.415687400646,False
20230707_162237.jpg,DataSet/images/20230707_162237.jpg,False,,365.7648163371882,False
20230707_162401.jpg,DataSet/images/20230707_162401.jpg,False,,2069.4896455795,False
20230707_162228.jpg,DataSet/images/20230707_162228.jpg,False,,396.49733106458757,False
20230707_162257.jpg,DataSet/images/20230707_162257.jpg,False,,1638.748607989764,False
20230707_162129.jpg,DataSet/images/20230707_162129.jpg,False,,339.4809527499831,False
20230707_162235.jpg,DataSet/images/20230707_162235.jpg,False,,281.58878403172343,False
20230707_162218.jpg,DataSet/images/20230707_162218.jpg,False,,441.8310662573416,False
20230626_091708.jpg,DataSet/images/20230626_091708.jpg,False,,131.93048722405226,False
20230707_135450.jpg,DataSet/images/20230707_135450.jpg,False,,1211.1339546452534,False
20230707_161708.jpg,DataSet/images/20230707_161708.jpg,False,,528.0336808304892,False
20230626_091639.jpg,DataSet/images/20230626_091639.jpg,False,,196.84420449636,False
20230707_162200.jpg,DataSet/images/20230707_162200.jpg,False,,471.65067422010173,False
20230702_133115.jpg,DataSet/images/20230702_133115.jpg,False,,513.0469762003518,False
20230626_091711.jpg,DataSet/images/20230626_091711.jpg,False,,125.17808366653814,False
20230626_091654.jpg,DataSet/images/20230626_091654.jpg,False,,184.9502219746658,False
20230707_152433.jpg,DataSet/images/20230707_152433.jpg,False,,3271.2127382781036,False
20230626_091553.jpg,DataSet/images/20230626_091553.jpg,False,,872.8217766018125,False
20230707_162119.jpg,DataSet/images/20230707_162119.jpg,False,,387.6341655826507,False
20230626_091638.jpg,DataSet/images/20230626_091638.jpg,False,,482.80928416013273,False
20230626_091657.jpg,DataSet/images/20230626_091657.jpg,False,,119.70867474984144,False
20230707_162126.jpg,DataSet/images/20230707_162126.jpg,False,,332.6512844099307,False
20230707_162221.jpg,DataSet/images/20230707_162221.jpg,False,,383.983538745522,False
20230626_091651.jpg,DataSet/images/20230626_091651.jpg,False,,187.62986824999987,False
20230707_162111.jpg,DataSet/images/20230707_162111.jpg,False,,909.0532020209577,False
20230707_162214.jpg,DataSet/images/20230707_162214.jpg,False,,38.841885914338526,True
20230626_091702.jpg,DataSet/images/20230626_091702.jpg,False,,264.75739557106755,False
20230707_162139.jpg,DataSet/images/20230707_162139.jpg,False,,376.2296510738097,False
20230707_152443.jpg,DataSet/images/20230707_152443.jpg,False,,1638.6404094037282,False
20230707_162117.jpg,DataSet/images/20230707_162117.jpg,False,,338.96296547200745,False
20230707_162145.jpg,DataSet/images/20230707_162145.jpg,False,,351.22480816340567,False
20230707_133949.jpg,DataSet/images/20230707_133949.jpg,False,,201.76785816029323,False
20230707_162121.jpg,DataSet/images/20230707_162121.jpg,False,,446.77562423865305,False
20230620_161355.jpg,DataSet/images/20230620_161355.jpg,False,,101.3584440832856,False
20230626_091641.jpg,DataSet/images/20230626_091641.jpg,False,,77.14617516574656,True
20230626_091555.jpg,DataSet/images/20230626_091555.jpg,False,,1149.9699074157816,False
20230626_091644.jpg,DataSet/images/20230626_091644.jpg,False,,56.29863198399775,True
20230626_091634.jpg,DataSet/images/20230626_091634.jpg,False,,368.88068002277356,False
20230626_091541.jpg,DataSet/images/20230626_091541.jpg,False,,614.1927702300953,False
20230622_061642.jpg,DataSet/images/20230622_061642.jpg,False,,138.28563132996953,False
20230626_091545.jpg,DataSet/images/20230626_091545.jpg,False,,288.0232671581409,False
20230624_184914.jpg,DataSet/images/20230624_184914.jpg,False,,84.46714937515262,True
20230626_091650.jpg,DataSet/images/20230626_091650.jpg,False,,165.1326993501021,False
20230626_091642.jpg,DataSet/images/20230626_091642.jpg,False,,69.20247848591832,True
20230626_091713.jpg,DataSet/images/20230626_091713.jpg,False,,135.63611316556674,False
20230626_091652.jpg,DataSet/images/20230626_091652.jpg,False,,93.05071633257705,True
20230626_091559.jpg,DataSet/images/20230626_091559.jpg,False,,319.9035944168011,False
20230624_184848.jpg,DataSet/images/20230624_184848.jpg,False,,273.13555724339864,False
20230626_091628.jpg,DataSet/images/20230626_091628.jpg,False,,243.7481480290829,False
20230622_152224.jpg,DataSet/images/20230622_152224.jpg,False,,1072.156002341844,False
20230626_091547.jpg,DataSet/images/20230626_091547.jpg,False,,345.13809349476816,False
20230626_091543.jpg,DataSet/images/20230626_091543.jpg,False,,177.1810018328419,False
20230626_091623.jpg,DataSet/images/20230626_091623.jpg,False,,512.7532623166061,False
20230626_091636.jpg,DataSet/images/20230626_091636.jpg,False,,97.33527649999297,True
20230626_091625.jpg,DataSet/images/20230626_091625.jpg,False,,592.494477415539,False
20230626_091534.jpg,DataSet/images/20230626_091534.jpg,False,,242.4335905197335,False
20230626_091550.jpg,DataSet/images/20230626_091550.jpg,False,,801.7090314153407,False
20230626_091552.jpg,DataSet/images/20230626_091552.jpg,False,,373.6827405452145,False
20230622_152225.jpg,DataSet/images/20230622_152225.jpg,False,,601.9458132491148,False
20230626_091621.jpg,DataSet/images/20230626_091621.jpg,False,,433.1578779101464,False
20230707_162132.jpg,DataSet/images/20230707_162132.jpg,False,,223.1905880530864,False
20230620_161134ll.jpg,DataSet/images/20230620_161134ll.jpg,True,DataSet/yolo_labels/20230620_161134ll.txt,231.51203456405318,False
20230620_161402.jpg,DataSet/images/20230620_161402.jpg,False,,334.84539741102924,False
20230620_161031ll.jpg,DataSet/images/20230620_161031ll.jpg,True,DataSet/yolo_labels/20230620_161031ll.txt,239.87486408040874,False
20230620_161350.jpg,DataSet/images/20230620_161350.jpg,False,,100.92070593724948,False
20230620_161122ll.jpg,DataSet/images/20230620_161122ll.jpg,True,DataSet/yolo_labels/20230620_161122ll.txt,485.2247409397309,False
20230620_161129ll.jpg,DataSet/images/20230620_161129ll.jpg,True,DataSet/yolo_labels/20230620_161129ll.txt,758.651118226412,False
20230620_161323.jpg,DataSet/images/20230620_161323.jpg,False,,208.7475835263316,False
20230622_061634.jpg,DataSet/images/20230622_061634.jpg,False,,78.9950449995013,True
20230620_161149ll.jpg,DataSet/images/20230620_161149ll.jpg,True,DataSet/yolo_labels/20230620_161149ll.txt,415.9305484995232,False
20230620_161057ll.jpg,DataSet/images/20230620_161057ll.jpg,True,DataSet/yolo_labels/20230620_161057ll.txt,536.4548186659996,False
20230620_161339.jpg,DataSet/images/20230620_161339.jpg,False,,172.80025513005853,False
20230620_161346.jpg,DataSet/images/20230620_161346.jpg,False,,403.6730974294202,False
20230620_161311.jpg,DataSet/images/20230620_161311.jpg,False,,53.14627405297022,True
20230620_161103ll.jpg,DataSet/images/20230620_161103ll.jpg,True,DataSet/yolo_labels/20230620_161103ll.txt,306.30152333277357,False
20230620_161052ll.jpg,DataSet/images/20230620_161052ll.jpg,True,DataSet/yolo_labels/20230620_161052ll.txt,518.848223909484,False
20230620_161048ll.jpg,DataSet/images/20230620_161048ll.jpg,True,DataSet/yolo_labels/20230620_161048ll.txt,715.767311661578,False
20230620_161023ll.jpg,DataSet/images/20230620_161023ll.jpg,True,DataSet/yolo_labels/20230620_161023ll.txt,147.96387972747482,False
20230620_161305.jpg,DataSet/images/20230620_161305.jpg,False,,1037.3189623516473,False
20230624_184921.jpg,DataSet/images/20230624_184921.jpg,False,,137.66317207190193,False
20230620_161150ll.jpg,DataSet/images/20230620_161150ll.jpg,True,DataSet/yolo_labels/20230620_161150ll.txt,150.75343538886108,False
20230620_161335.jpg,DataSet/images/20230620_161335.jpg,False,,129.01548686024853,False
20230620_161050ll.jpg,DataSet/images/20230620_161050ll.jpg,True,DataSet/yolo_labels/20230620_161050ll.txt,189.732213374566,False
20230620_161104ll.jpg,DataSet/images/20230620_161104ll.jpg,True,DataSet/yolo_labels/20230620_161104ll.txt,331.4916181744211,False
20230620_161340.jpg,DataSet/images/20230620_161340.jpg,False,,55.418235070956726,True
20230620_161043ll.jpg,DataSet/images/20230620_161043ll.jpg,True,DataSet/yolo_labels/20230620_161043ll.txt,542.8668846628645,False
20230620_161026ll.jpg,DataSet/images/20230620_161026ll.jpg,True,DataSet/yolo_labels/20230620_161026ll.txt,137.32083263207048,False
20230626_091536.jpg,DataSet/images/20230626_091536.jpg,False,,887.5228283138728,False
20230620_161145ll.jpg,DataSet/images/20230620_161145ll.jpg,True,DataSet/yolo_labels/20230620_161145ll.txt,924.6001153127697,False
20230620_161321.jpg,DataSet/images/20230620_161321.jpg,False,,108.86570358469017,False
20230620_161338.jpg,DataSet/images/20230620_161338.jpg,False,,102.06652210642213,False
20230620_161342.jpg,DataSet/images/20230620_161342.jpg,False,,75.87304209159072,True
20230620_161110ll.jpg,DataSet/images/20230620_161110ll.jpg,True,DataSet/yolo_labels/20230620_161110ll.txt,176.89934849394203,False
20230620_161351.jpg,DataSet/images/20230620_161351.jpg,False,,88.76708799915903,True
20230620_161316.jpg,DataSet/images/20230620_161316.jpg,False,,77.52757595262125,True
20230626_091537.jpg,DataSet/images/20230626_091537.jpg,False,,194.49943673969722,False
20230620_161309.jpg,DataSet/images/20230620_161309.jpg,False,,588.2870067562346,False
20230620_161140ll.jpg,DataSet/images/20230620_161140ll.jpg,True,DataSet/yolo_labels/20230620_161140ll.txt,1134.696592664671,False
20230620_160851ll.jpg,DataSet/images/20230620_160851ll.jpg,False,,104.42122124918313,False
20230626_091557.jpg,DataSet/images/20230626_091557.jpg,False,,635.7159057947866,False
20230620_160431ll.jpg,DataSet/images/20230620_160431ll.jpg,True,DataSet/yolo_labels/20230620_160431ll.txt,403.5177260801315,False
20230620_160408ll.jpg,DataSet/images/20230620_160408ll.jpg,True,DataSet/yolo_labels/20230620_160408ll.txt,48.217161716602455,True
20230620_160345ll.jpg,DataSet/images/20230620_160345ll.jpg,True,DataSet/yolo_labels/20230620_160345ll.txt,1017.1624856587459,False
20230620_160419ll.jpg,DataSet/images/20230620_160419ll.jpg,True,DataSet/yolo_labels/20230620_160419ll.txt,168.3345761337759,False
20230620_160402ll.jpg,DataSet/images/20230620_160402ll.jpg,True,DataSet/yolo_labels/20230620_160402ll.txt,222.0256395522104,False
20230620_160342ll.jpg,DataSet/images/20230620_160342ll.jpg,True,DataSet/yolo_labels/20230620_160342ll.txt,1584.8912969298185,False
20230620_160513ll.jpg,DataSet/images/20230620_160513ll.jpg,True,DataSet/yolo_labels/20230620_160513ll.txt,156.63311690462183,False
20230620_160522ll.jpg,DataSet/images/20230620_160522ll.jpg,True,DataSet/yolo_labels/20230620_160522ll.txt,55.202708549508,True
20230620_161003ll.jpg,DataSet/images/20230620_161003ll.jpg,True,DataSet/yolo_labels/20230620_161003ll.txt,436.31645474976784,False
20230620_161021ll.jpg,DataSet/images/20230620_161021ll.jpg,True,DataSet/yolo_labels/20230620_161021ll.txt,287.74719827379727,False
20230620_161115ll.jpg,DataSet/images/20230620_161115ll.jpg,True,DataSet/yolo_labels/20230620_161115ll.txt,912.2085087271244,False
20230620_160245ll.jpg,DataSet/images/20230620_160245ll.jpg,True,DataSet/yolo_labels/20230620_160245ll.txt,316.46582209126916,False
20230620_160517ll.jpg,DataSet/images/20230620_160517ll.jpg,True,DataSet/yolo_labels/20230620_160517ll.txt,118.19415388417671,False
20230620_160353ll.jpg,DataSet/images/20230620_160353ll.jpg,True,DataSet/yolo_labels/20230620_160353ll.txt,355.61266022684,False
20230620_160337ll.jpg,DataSet/images/20230620_160337ll.jpg,True,DataSet/yolo_labels/20230620_160337ll.txt,2422.856152106882,False
20230620_160339ll.jpg,DataSet/images/20230620_160339ll.jpg,True,DataSet/yolo_labels/20230620_160339ll.txt,1555.731603882472,False
20230620_161046ll.jpg,DataSet/images/20230620_161046ll.jpg,True,DataSet/yolo_labels/20230620_161046ll.txt,1233.5470770764566,False
20230620_160218ll.jpg,DataSet/images/20230620_160218ll.jpg,True,DataSet/yolo_labels/20230620_160218ll.txt,905.4942894813604,False
20230620_160338ll.jpg,DataSet/images/20230620_160338ll.jpg,True,DataSet/yolo_labels/20230620_160338ll.txt,2766.7459091825335,False
20230620_160435ll.jpg,DataSet/images/20230620_160435ll.jpg,True,DataSet/yolo_labels/20230620_160435ll.txt,219.14311782800428,False
20230620_161329.jpg,DataSet/images/20230620_161329.jpg,False,,907.7765982482298,False
20230620_160304ll.jpg,DataSet/images/20230620_160304ll.jpg,True,DataSet/yolo_labels/20230620_160304ll.txt,1522.8548831980788,False
20230620_160212ll.jpg,DataSet/images/20230620_160212ll.jpg,True,DataSet/yolo_labels/20230620_160212ll.txt,867.6848001079103,False
20230620_161019ll.jpg,DataSet/images/20230620_161019ll.jpg,True,DataSet/yolo_labels/20230620_161019ll.txt,331.85975616278154,False
20230620_161001ll.jpg,DataSet/images/20230620_161001ll.jpg,True,DataSet/yolo_labels/20230620_161001ll.txt,762.348455982053,False
20230620_160530ll.jpg,DataSet/images/20230620_160530ll.jpg,True,DataSet/yolo_labels/20230620_160530ll.txt,276.8876620978349,False
20230620_160214ll.jpg,DataSet/images/20230620_160214ll.jpg,True,DataSet/yolo_labels/20230620_160214ll.txt,1294.3479870386202,False
20230620_160735ll.jpg,DataSet/images/20230620_160735ll.jpg,True,DataSet/yolo_labels/20230620_160735ll.txt,1615.4179871980327,False
20230620_161029ll.jpg,DataSet/images/20230620_161029ll.jpg,True,DataSet/yolo_labels/20230620_161029ll.txt,344.33317490043174,False
20230620_160525ll.jpg,DataSet/images/20230620_160525ll.jpg,True,DataSet/yolo_labels/20230620_160525ll.txt,439.73757716648396,False
20230620_160454ll.jpg,DataSet/images/20230620_160454ll.jpg,True,DataSet/yolo_labels/20230620_160454ll.txt,209.48182115404768,False
20230620_161015ll.jpg,DataSet/images/20230620_161015ll.jpg,True,DataSet/yolo_labels/20230620_161015ll.txt,250.3051178608712,False
20230620_160150ll.jpg,DataSet/images/20230620_160150ll.jpg,True,DataSet/yolo_labels/20230620_160150ll.txt,327.0132608210868,False
20230620_160930ll.jpg,DataSet/images/20230620_160930ll.jpg,True,DataSet/yolo_labels/20230620_160930ll.txt,1252.2707034319992,False
20230620_160253ll.jpg,DataSet/images/20230620_160253ll.jpg,True,DataSet/yolo_labels/20230620_160253ll.txt,178.7135793359753,False
20230620_160221ll.jpg,DataSet/images/20230620_160221ll.jpg,True,DataSet/yolo_labels/20230620_160221ll.txt,858.885044850488,False
20230620_160033ll.jpg,DataSet/images/20230620_160033ll.jpg,True,DataSet/yolo_labels/20230620_160033ll.txt,576.4542798979212,False
20230614_150923ll.jpg,DataSet/images/20230614_150923ll.jpg,True,DataSet/yolo_labels/20230614_150923ll.txt,556.2813954568753,False
20230620_160148ll.jpg,DataSet/images/20230620_160148ll.jpg,True,DataSet/yolo_labels/20230620_160148ll.txt,265.5133470828081,False
20230620_155828ll.jpg,DataSet/images/20230620_155828ll.jpg,True,DataSet/yolo_labels/20230620_155828ll.txt,38.31168766341767,True
20230614_150826ll.jpg,DataSet/images/20230614_150826ll.jpg,True,DataSet/yolo_labels/20230614_150826ll.txt,99.72612802310384,True
20230620_160209ll.jpg,DataSet/images/20230620_160209ll.jpg,True,DataSet/yolo_labels/20230620_160209ll.txt,674.6328315534348,False
20230614_151233ll.jpg,DataSet/images/20230614_151233ll.jpg,True,DataSet/yolo_labels/20230614_151233ll.txt,66.8384091333605,True
20230619_182731ll.jpg,DataSet/images/20230619_182731ll.jpg,False,,5.991666711812326,True
20230614_151232ll.jpg,DataSet/images/20230614_151232ll.jpg,True,DataSet/yolo_labels/20230614_151232ll.txt,197.05345524815777,False
20230614_150858ll.jpg,DataSet/images/20230614_150858ll.jpg,False,,717.7308472962754,False
20230620_160946ll.jpg,DataSet/images/20230620_160946ll.jpg,True,DataSet/yolo_labels/20230620_160946ll.txt,1029.8903042732645,False
20230620_160204ll.jpg,DataSet/images/20230620_160204ll.jpg,True,DataSet/yolo_labels/20230620_160204ll.txt,886.5934723021048,False
20230614_151247ll.jpg,DataSet/images/20230614_151247ll.jpg,False,,31.88072866326389,True
20230620_160047ll.jpg,DataSet/images/20230620_160047ll.jpg,True,DataSet/yolo_labels/20230620_160047ll.txt,129.03979924545501,False
20230619_182712ll.jpg,DataSet/images/20230619_182712ll.jpg,True,DataSet/yolo_labels/20230619_182712ll.txt,158.57869297194352,False
20230620_160054ll.jpg,DataSet/images/20230620_160054ll.jpg,True,DataSet/yolo_labels/20230620_160054ll.txt,148.77565362538977,False
20230614_151249ll.jpg,DataSet/images/20230614_151249ll.jpg,True,DataSet/yolo_labels/20230614_151249ll.txt,75.75187765707322,True
20230620_160215ll.jpg,DataSet/images/20230620_160215ll.jpg,True,DataSet/yolo_labels/20230620_160215ll.txt,1488.227287098334,False
20230619_182717ll.jpg,DataSet/images/20230619_182717ll.jpg,False,,78.96294166535871,True
20230620_160124ll.jpg,DataSet/images/20230620_160124ll.jpg,True,DataSet/yolo_labels/20230620_160124ll.txt,283.6402419432766,False
20230614_151238ll.jpg,DataSet/images/20230614_151238ll.jpg,True,DataSet/yolo_labels/20230614_151238ll.txt,85.68638033029016,True
20230620_160009ll.jpg,DataSet/images/20230620_160009ll.jpg,True,DataSet/yolo_labels/20230620_160009ll.txt,575.9169185741648,False
20230620_160118ll.jpg,DataSet/images/20230620_160118ll.jpg,True,DataSet/yolo_labels/20230620_160118ll.txt,97.63861890664997,True
20230620_160205ll.jpg,DataSet/images/20230620_160205ll.jpg,True,DataSet/yolo_labels/20230620_160205ll.txt,913.5484266228054,False
20230620_160059ll.jpg,DataSet/images/20230620_160059ll.jpg,False,,28.3366531663889,True
20230614_150948ll.jpg,DataSet/images/20230614_150948ll.jpg,True,DataSet/yolo_labels/20230614_150948ll.txt,230.0102121661974,False
20230620_160111ll.jpg,DataSet/images/20230620_160111ll.jpg,True,DataSet/yolo_labels/20230620_160111ll.txt,212.2465981568652,False
20230620_160217ll.jpg,DataSet/images/20230620_160217ll.jpg,True,DataSet/yolo_labels/20230620_160217ll.txt,898.4910017101989,False
20230620_160035ll.jpg,DataSet/images/20230620_160035ll.jpg,True,DataSet/yolo_labels/20230620_160035ll.txt,152.7615025798816,False
20230620_160023ll.jpg,DataSet/images/20230620_160023ll.jpg,True,DataSet/yolo_labels/20230620_160023ll.txt,136.89525432007036,False
20230620_160351ll.jpg,DataSet/images/20230620_160351ll.jpg,True,DataSet/yolo_labels/20230620_160351ll.txt,979.4610988897124,False
20230620_160116ll.jpg,DataSet/images/20230620_160116ll.jpg,True,DataSet/yolo_labels/20230620_160116ll.txt,318.9143812723244,False
20230620_160143ll.jpg,DataSet/images/20230620_160143ll.jpg,True,DataSet/yolo_labels/20230620_160143ll.txt,635.0720194377283,False
20230620_160300ll.jpg,DataSet/images/20230620_160300ll.jpg,True,DataSet/yolo_labels/20230620_160300ll.txt,1248.619572583857,False
20230614_150950ll.jpg,DataSet/images/20230614_150950ll.jpg,True,DataSet/yolo_labels/20230614_150950ll.txt,339.726079544866,False
20230620_160211ll.jpg,DataSet/images/20230620_160211ll.jpg,True,DataSet/yolo_labels/20230620_160211ll.txt,201.3820421390254,False
20230614_151211ll.jpg,DataSet/images/20230614_151211ll.jpg,True,DataSet/yolo_labels/20230614_151211ll.txt,76.66144749987899,True
20230620_155840ll.jpg,DataSet/images/20230620_155840ll.jpg,True,DataSet/yolo_labels/20230620_155840ll.txt,268.2582652209014,False
20230620_160128ll.jpg,DataSet/images/20230620_160128ll.jpg,True,DataSet/yolo_labels/20230620_160128ll.txt,25.11815957849153,True
20230620_160210ll.jpg,DataSet/images/20230620_160210ll.jpg,True,DataSet/yolo_labels/20230620_160210ll.txt,679.823853053546,False
20230614_150920ll.jpg,DataSet/images/20230614_150920ll.jpg,True,DataSet/yolo_labels/20230614_150920ll.txt,1829.3236762459164,False
20230614_150947ll.jpg,DataSet/images/20230614_150947ll.jpg,True,DataSet/yolo_labels/20230614_150947ll.txt,204.18262606806036,False
20230614_150935ll.jpg,DataSet/images/20230614_150935ll.jpg,True,DataSet/yolo_labels/20230614_150935ll.txt,2323.4043633182464,False
20230620_160125ll.jpg,DataSet/images/20230620_160125ll.jpg,True,DataSet/yolo_labels/20230620_160125ll.txt,187.30213016269772,False
20230614_150952ll.jpg,DataSet/images/20230614_150952ll.jpg,True,DataSet/yolo_labels/20230614_150952ll.txt,108.36674865250563,False
20230614_151246ll.jpg,DataSet/images/20230614_151246ll.jpg,True,DataSet/yolo_labels/20230614_151246ll.txt,38.497954653632654,True
20230620_160222ll.jpg,DataSet/images/20230620_160222ll.jpg,True,DataSet/yolo_labels/20230620_160222ll.txt,1022.1346361539801,False
20230614_150959ll.jpg,DataSet/images/20230614_150959ll.jpg,True,DataSet/yolo_labels/20230614_150959ll.txt,301.31601841198614,False
20230614_150945ll.jpg,DataSet/images/20230614_150945ll.jpg,True,DataSet/yolo_labels/20230614_150945ll.txt,115.00646697375589,False
20230614_151244ll.jpg,DataSet/images/20230614_151244ll.jpg,True,DataSet/yolo_labels/20230614_151244ll.txt,38.78379286983046,True
20230620_160022ll.jpg,DataSet/images/20230620_160022ll.jpg,True,DataSet/yolo_labels/20230620_160022ll.txt,51.743346495818344,True
20230620_160109ll.jpg,DataSet/images/20230620_160109ll.jpg,True,DataSet/yolo_labels/20230620_160109ll.txt,1319.9098494956663,False
20230620_160208ll.jpg,DataSet/images/20230620_160208ll.jpg,True,DataSet/yolo_labels/20230620_160208ll.txt,1572.2872734949806,False
20230614_151235ll.jpg,DataSet/images/20230614_151235ll.jpg,True,DataSet/yolo_labels/20230614_151235ll.txt,105.18380933662496,False
20230620_160108ll.jpg,DataSet/images/20230620_160108ll.jpg,True,DataSet/yolo_labels/20230620_160108ll.txt,2365.647959286748,False
20230619_182729ll.jpg,DataSet/images/20230619_182729ll.jpg,False,,7.857310916037495,True
20230614_150932ll.jpg,DataSet/images/20230614_150932ll.jpg,True,DataSet/yolo_labels/20230614_150932ll.txt,1760.4490523280556,False
20230620_155832ll.jpg,DataSet/images/20230620_155832ll.jpg,False,,151.5250124073594,False
20230518_092313.jpg,DataSet/images/20230518_092313.jpg,False,,141.1605608494304,False
20230518_092407.jpg,DataSet/images/20230518_092407.jpg,False,,916.7606488228953,False
20230518_091847.jpg,DataSet/images/20230518_091847.jpg,False,,300.8621534508889,False
20230527_054402.jpg,DataSet/images/20230527_054402.jpg,False,,180.4801644949096,False
20230614_150814ll.jpg,DataSet/images/20230614_150814ll.jpg,True,DataSet/yolo_labels/20230614_150814ll.txt,1124.8241156798013,False
20230614_150927ll.jpg,DataSet/images/20230614_150927ll.jpg,True,DataSet/yolo_labels/20230614_150927ll.txt,1259.4359304155748,False
20230614_150924ll.jpg,DataSet/images/20230614_150924ll.jpg,True,DataSet/yolo_labels/20230614_150924ll.txt,570.7725057123444,False
20230518_092338.jpg,DataSet/images/20230518_092338.jpg,False,,631.194754027669,False
20230612_091416.heic,DataSet/images/20230612_091416.heic,False,,207.12190858324806,False
20230518_092350.jpg,DataSet/images/20230518_092350.jpg,False,,282.0948582706363,False
20230518_092409.jpg,DataSet/images/20230518_092409.jpg,False,,1117.384858191958,False
20230518_092401.jpg,DataSet/images/20230518_092401.jpg,False,,282.3460695625649,False
20230518_092045.jpg,DataSet/images/20230518_092045.jpg,False,,380.3102013938421,False
20230518_092152.jpg,DataSet/images/20230518_092152.jpg,False,,450.8384560606542,False
20230518_092010.jpg,DataSet/images/20230518_092010.jpg,False,,8.318125823165975,True
20230518_092344.jpg,DataSet/images/20230518_092344.jpg,False,,306.2728651192224,False
20230518_092400.jpg,DataSet/images/20230518_092400.jpg,False,,1050.3116737497892,False
20230614_150939ll.jpg,DataSet/images/20230614_150939ll.jpg,True,DataSet/yolo_labels/20230614_150939ll.txt,1203.0657559832782,False
20230518_092014.jpg,DataSet/images/20230518_092014.jpg,False,,209.59452694828116,False
20230518_092358.jpg,DataSet/images/20230518_092358.jpg,False,,1078.1340899017043,False
20230614_150819ll.jpg,DataSet/images/20230614_150819ll.jpg,True,DataSet/yolo_labels/20230614_150819ll.txt,250.78875121089507,False
20230612_091424.heic,DataSet/images/20230612_091424.heic,False,,211.2500065323699,False
20230518_092149.jpg,DataSet/images/20230518_092149.jpg,False,,73.71548496536263,True
20230612_091422.heic,DataSet/images/20230612_091422.heic,False,,569.9119865778451,False
20230518_092154.jpg,DataSet/images/20230518_092154.jpg,False,,64.48552632913591,True
20230518_092348.jpg,DataSet/images/20230518_092348.jpg,False,,390.4359999362962,False
20230518_092110.jpg,DataSet/images/20230518_092110.jpg,False,,252.95189667080567,False
20230614_150831ll.jpg,DataSet/images/20230614_150831ll.jpg,True,DataSet/yolo_labels/20230614_150831ll.txt,511.2254902096321,False
20230518_091911.jpg,DataSet/images/20230518_091911.jpg,False,,660.0714071757579,False
20230612_133552.heic,DataSet/images/20230612_133552.heic,False,,282.28497680253304,False
20230518_092144.jpg,DataSet/images/20230518_092144.jpg,False,,356.01734716368435,False
20230518_092406.jpg,DataSet/images/20230518_092406.jpg,False,,661.4334640633137,False
20230518_092103.jpg,DataSet/images/20230518_092103.jpg,False,,209.785184428513,False
20230518_092025.jpg,DataSet/images/20230518_092025.jpg,False,,84.13470136975272,True
20230518_091953.jpg,DataSet/images/20230518_091953.jpg,False,,224.52936264929144,False
20230518_091928.jpg,DataSet/images/20230518_091928.jpg,False,,609.9847189410433,False
20230614_150941ll.jpg,DataSet/images/20230614_150941ll.jpg,True,DataSet/yolo_labels/20230614_150941ll.txt,528.9093177498572,False
20230518_091837.jpg,DataSet/images/20230518_091837.jpg,False,,447.32537345376625,False
20230614_150823ll.jpg,DataSet/images/20230614_150823ll.jpg,True,DataSet/yolo_labels/20230614_150823ll.txt,601.5786543332262,False
20230614_150847ll.jpg,DataSet/images/20230614_150847ll.jpg,True,DataSet/yolo_labels/20230614_150847ll.txt,2187.0006095706226,False
20230518_092143.jpg,DataSet/images/20230518_092143.jpg,False,,604.3866038378885,False
20230614_150849ll.jpg,DataSet/images/20230614_150849ll.jpg,True,DataSet/yolo_labels/20230614_150849ll.txt,1993.1242780867121,False
20230518_091957.jpg,DataSet/images/20230518_091957.jpg,False,,1002.1756415196041,False
20230518_092053.jpg,DataSet/images/20230518_092053.jpg,False,,373.2161232222222,False
20230516_154343.jpg,DataSet/images/20230516_154343.jpg,False,,1990.9736281218015,False
20230518_091917.jpg,DataSet/images/20230518_091917.jpg,False,,916.6928112495187,False
20230515_125709.jpg,DataSet/images/20230515_125709.jpg,False,,421.19318322678464,False
20230516_154152.jpg,DataSet/images/20230516_154152.jpg,False,,1464.238651484872,False
20230516_154219.jpg,DataSet/images/20230516_154219.jpg,False,,2440.777326043352,False
20230518_091953(0).jpg,DataSet/images/20230518_091953(0).jpg,False,,256.6433489395498,False
20230516_131859.jpg,DataSet/images/20230516_131859.jpg,False,,2456.538377261261,False
20230516_154031.jpg,DataSet/images/20230516_154031.jpg,False,,1136.7565126161028,False
20230518_091853.jpg,DataSet/images/20230518_091853.jpg,False,,491.0164479479048,False
20230327_170259.jpg,DataSet/images/20230327_170259.jpg,False,,413.06240806206864,False
20230516_154005.jpg,DataSet/images/20230516_154005.jpg,False,,1233.4562787052942,False
20230518_091945.jpg,DataSet/images/20230518_091945.jpg,False,,663.8397205239443,False
20230516_154157.jpg,DataSet/images/20230516_154157.jpg,False,,2337.7015335552283,False
20230518_091935.jpg,DataSet/images/20230518_091935.jpg,False,,724.3449387497266,False
20230516_154327.jpg,DataSet/images/20230516_154327.jpg,False,,1571.630739233742,False
20230518_092018.jpg,DataSet/images/20230518_092018.jpg,False,,410.7805506370352,False
20230518_091944.jpg,DataSet/images/20230518_091944.jpg,False,,415.62521699258116,False
20230515_133831.jpg,DataSet/images/20230515_133831.jpg,False,,863.5205446548431,False
20230518_065959.jpg,DataSet/images/20230518_065959.jpg,False,,2070.5173605091936,False
20230327_170249.jpg,DataSet/images/20230327_170249.jpg,False,,434.2708201195507,False
20230516_154216.jpg,DataSet/images/20230516_154216.jpg,False,,793.9984526265747,False
20230516_154042.jpg,DataSet/images/20230516_154042.jpg,False,,317.7128690751603,False
20230516_154015.jpg,DataSet/images/20230516_154015.jpg,False,,2001.7358567219735,False
20230516_154105.jpg,DataSet/images/20230516_154105.jpg,False,,1451.6974182261733,False
20230518_092021.jpg,DataSet/images/20230518_092021.jpg,False,,147.5068670825846,False
20230515_131318.jpg,DataSet/images/20230515_131318.jpg,False,,945.8083498221974,False
20230614_151016ll.jpg,DataSet/images/20230614_151016ll.jpg,True,DataSet/yolo_labels/20230614_151016ll.txt,40.006581916603984,True
20230518_092013.jpg,DataSet/images/20230518_092013.jpg,False,,181.3179573100493,False
20230516_154213.jpg,DataSet/images/20230516_154213.jpg,False,,1303.9435451587754,False
20230516_154022.jpg,DataSet/images/20230516_154022.jpg,False,,434.3532977116142,False
20230516_154108.jpg,DataSet/images/20230516_154108.jpg,False,,2255.0430431115383,False
20230516_154136.jpg,DataSet/images/20230516_154136.jpg,False,,1623.0805899362206,False
20230518_091914.jpg,DataSet/images/20230518_091914.jpg,False,,462.6000340899685,False
20230516_154223.jpg,DataSet/images/20230516_154223.jpg,False,,2197.1990766248596,False
20230418_125454.jpg,DataSet/images/20230418_125454.jpg,False,,508.7832114958329,False
20230515_095931.jpg,DataSet/images/20230515_095931.jpg,False,,621.4984337368705,False
20230425_163417.jpg,DataSet/images/20230425_163417.jpg,False,,1897.2295271433536,False
20230327_170242.jpg,DataSet/images/20230327_170242.jpg,False,,701.1121828689786,False
